series_accession	geo_gpl	bioc_package	metric	value
GSE15390	GPL2507	Humanv1	percent ids in probes	0.9999788538803129
GSE15390	GPL2507	Humanv1	percent probes in ids	1
GSE15390	GPL2507	Humanv2	percent ids in probes	0
GSE15390	GPL2507	Humanv2	percent probes in ids	0
GSE15390	GPL2507	Humanv3	percent ids in probes	0
GSE15390	GPL2507	Humanv3	percent probes in ids	0
GSE15390	GPL2507	Humanv4	percent ids in probes	0
GSE15390	GPL2507	Humanv4	percent probes in ids	0
GSE16835	GPL2507	Humanv1	percent ids in probes	0.9998097171127743
GSE16835	GPL2507	Humanv1	percent probes in ids	1
GSE16835	GPL2507	Humanv2	percent ids in probes	0
GSE16835	GPL2507	Humanv2	percent probes in ids	0
GSE16835	GPL2507	Humanv3	percent ids in probes	0
GSE16835	GPL2507	Humanv3	percent probes in ids	0
GSE16835	GPL2507	Humanv4	percent ids in probes	0
GSE16835	GPL2507	Humanv4	percent probes in ids	0
GSE17241	GPL2507	Humanv1	percent ids in probes	0.9998308560796668
GSE17241	GPL2507	Humanv1	percent probes in ids	1
GSE17241	GPL2507	Humanv2	percent ids in probes	0
GSE17241	GPL2507	Humanv2	percent probes in ids	0
GSE17241	GPL2507	Humanv3	percent ids in probes	0
GSE17241	GPL2507	Humanv3	percent probes in ids	0
GSE17241	GPL2507	Humanv4	percent ids in probes	0
GSE17241	GPL2507	Humanv4	percent probes in ids	0
GSE17241.1	GPL2507	Humanv1	percent ids in probes	0.9998308560796668
GSE17241.1	GPL2507	Humanv1	percent probes in ids	1
GSE17241.1	GPL2507	Humanv2	percent ids in probes	0
GSE17241.1	GPL2507	Humanv2	percent probes in ids	0
GSE17241.1	GPL2507	Humanv3	percent ids in probes	0
GSE17241.1	GPL2507	Humanv3	percent probes in ids	0
GSE17241.1	GPL2507	Humanv4	percent ids in probes	0
GSE17241.1	GPL2507	Humanv4	percent probes in ids	0
GSE17241.2	GPL2507	Humanv1	percent ids in probes	0
GSE17241.2	GPL2507	Humanv1	percent probes in ids	0
GSE17241.2	GPL2507	Humanv2	percent ids in probes	0
GSE17241.2	GPL2507	Humanv2	percent probes in ids	0
GSE17241.2	GPL2507	Humanv3	percent ids in probes	0
GSE17241.2	GPL2507	Humanv3	percent probes in ids	0
GSE17241.2	GPL2507	Humanv4	percent ids in probes	0
GSE17241.2	GPL2507	Humanv4	percent probes in ids	0
GSE17241.3	GPL2507	Humanv1	percent ids in probes	0
GSE17241.3	GPL2507	Humanv1	percent probes in ids	0
GSE17241.3	GPL2507	Humanv2	percent ids in probes	0.9999178729083257
GSE17241.3	GPL2507	Humanv2	percent probes in ids	0.9842363735575271
GSE17241.3	GPL2507	Humanv3	percent ids in probes	0.7668822502823118
GSE17241.3	GPL2507	Humanv3	percent probes in ids	0.7534089075359045
GSE17241.3	GPL2507	Humanv4	percent ids in probes	0.6001026588645929
GSE17241.3	GPL2507	Humanv4	percent probes in ids	0.6075623090194774
GSE17241.4	GPL2507	Humanv1	percent ids in probes	0
GSE17241.4	GPL2507	Humanv1	percent probes in ids	0
GSE17241.4	GPL2507	Humanv2	percent ids in probes	0.9999178729083257
GSE17241.4	GPL2507	Humanv2	percent probes in ids	0.9842363735575271
GSE17241.4	GPL2507	Humanv3	percent ids in probes	0.7668822502823118
GSE17241.4	GPL2507	Humanv3	percent probes in ids	0.7534089075359045
GSE17241.4	GPL2507	Humanv4	percent ids in probes	0.6001026588645929
GSE17241.4	GPL2507	Humanv4	percent probes in ids	0.6075623090194774
GSE17946	GPL2507	Humanv1	percent ids in probes	0.9998097171127743
GSE17946	GPL2507	Humanv1	percent probes in ids	1
GSE17946	GPL2507	Humanv2	percent ids in probes	0
GSE17946	GPL2507	Humanv2	percent probes in ids	0
GSE17946	GPL2507	Humanv3	percent ids in probes	0
GSE17946	GPL2507	Humanv3	percent probes in ids	0
GSE17946	GPL2507	Humanv4	percent ids in probes	0
GSE17946	GPL2507	Humanv4	percent probes in ids	0
GSE18445	GPL2507	Humanv1	percent ids in probes	0.999915420886812
GSE18445	GPL2507	Humanv1	percent probes in ids	1
GSE18445	GPL2507	Humanv2	percent ids in probes	0
GSE18445	GPL2507	Humanv2	percent probes in ids	0
GSE18445	GPL2507	Humanv3	percent ids in probes	0
GSE18445	GPL2507	Humanv3	percent probes in ids	0
GSE18445	GPL2507	Humanv4	percent ids in probes	0
GSE18445	GPL2507	Humanv4	percent probes in ids	0
GSE27276	GPL2507	Humanv1	percent ids in probes	0.99985199594046
GSE27276	GPL2507	Humanv1	percent probes in ids	1
GSE27276	GPL2507	Humanv2	percent ids in probes	0
GSE27276	GPL2507	Humanv2	percent probes in ids	0
GSE27276	GPL2507	Humanv3	percent ids in probes	0
GSE27276	GPL2507	Humanv3	percent probes in ids	0
GSE27276	GPL2507	Humanv4	percent ids in probes	0
GSE27276	GPL2507	Humanv4	percent probes in ids	0
GSE28302	GPL2507	Humanv1	percent ids in probes	0.9996618194115657
GSE28302	GPL2507	Humanv1	percent probes in ids	1
GSE28302	GPL2507	Humanv2	percent ids in probes	0
GSE28302	GPL2507	Humanv2	percent probes in ids	0
GSE28302	GPL2507	Humanv3	percent ids in probes	0
GSE28302	GPL2507	Humanv3	percent probes in ids	0
GSE28302	GPL2507	Humanv4	percent ids in probes	0
GSE28302	GPL2507	Humanv4	percent probes in ids	0
GSE29521	GPL2507	Humanv1	percent ids in probes	0.999915420886812
GSE29521	GPL2507	Humanv1	percent probes in ids	1
GSE29521	GPL2507	Humanv2	percent ids in probes	0
GSE29521	GPL2507	Humanv2	percent probes in ids	0
GSE29521	GPL2507	Humanv3	percent ids in probes	0
GSE29521	GPL2507	Humanv3	percent probes in ids	0
GSE29521	GPL2507	Humanv4	percent ids in probes	0
GSE29521	GPL2507	Humanv4	percent probes in ids	0
GSE40878	GPL2507	Humanv1	percent ids in probes	0.999915420886812
GSE40878	GPL2507	Humanv1	percent probes in ids	1
GSE40878	GPL2507	Humanv2	percent ids in probes	0
GSE40878	GPL2507	Humanv2	percent probes in ids	0
GSE40878	GPL2507	Humanv3	percent ids in probes	0
GSE40878	GPL2507	Humanv3	percent probes in ids	0
GSE40878	GPL2507	Humanv4	percent ids in probes	0
GSE40878	GPL2507	Humanv4	percent probes in ids	0
GSE55468	GPL2507	Humanv1	percent ids in probes	0.999915420886812
GSE55468	GPL2507	Humanv1	percent probes in ids	1
GSE55468	GPL2507	Humanv2	percent ids in probes	0
GSE55468	GPL2507	Humanv2	percent probes in ids	0
GSE55468	GPL2507	Humanv3	percent ids in probes	0
GSE55468	GPL2507	Humanv3	percent probes in ids	0
GSE55468	GPL2507	Humanv4	percent ids in probes	0
GSE55468	GPL2507	Humanv4	percent probes in ids	0
GSE14295	GPL6102	Humanv1	percent ids in probes	0
GSE14295	GPL6102	Humanv1	percent probes in ids	0
GSE14295	GPL6102	Humanv2	percent ids in probes	0
GSE14295	GPL6102	Humanv2	percent probes in ids	0
GSE14295	GPL6102	Humanv3	percent ids in probes	0
GSE14295	GPL6102	Humanv3	percent probes in ids	0
GSE14295	GPL6102	Humanv4	percent ids in probes	0
GSE14295	GPL6102	Humanv4	percent probes in ids	0
GSE14295.1	GPL6102	Humanv1	percent ids in probes	0
GSE14295.1	GPL6102	Humanv1	percent probes in ids	0
GSE14295.1	GPL6102	Humanv2	percent ids in probes	0
GSE14295.1	GPL6102	Humanv2	percent probes in ids	0
GSE14295.1	GPL6102	Humanv3	percent ids in probes	0
GSE14295.1	GPL6102	Humanv3	percent probes in ids	0
GSE14295.1	GPL6102	Humanv4	percent ids in probes	0
GSE14295.1	GPL6102	Humanv4	percent probes in ids	0
GSE18114	GPL6102	Humanv1	percent ids in probes	0
GSE18114	GPL6102	Humanv1	percent probes in ids	0
GSE18114	GPL6102	Humanv2	percent ids in probes	1
GSE18114	GPL6102	Humanv2	percent probes in ids	0.9842363735575271
GSE18114	GPL6102	Humanv3	percent ids in probes	0.7669452372641219
GSE18114	GPL6102	Humanv3	percent probes in ids	0.7534089075359045
GSE18114	GPL6102	Humanv4	percent ids in probes	0.6001519475986119
GSE18114	GPL6102	Humanv4	percent probes in ids	0.6075623090194774
GSE19274	GPL6102	Humanv1	percent ids in probes	0
GSE19274	GPL6102	Humanv1	percent probes in ids	0
GSE19274	GPL6102	Humanv2	percent ids in probes	1
GSE19274	GPL6102	Humanv2	percent probes in ids	0.9842363735575271
GSE19274	GPL6102	Humanv3	percent ids in probes	0.7669452372641219
GSE19274	GPL6102	Humanv3	percent probes in ids	0.7534089075359045
GSE19274	GPL6102	Humanv4	percent ids in probes	0.6001519475986119
GSE19274	GPL6102	Humanv4	percent probes in ids	0.6075623090194774
GSE19790	GPL6102	Humanv1	percent ids in probes	0
GSE19790	GPL6102	Humanv1	percent probes in ids	0
GSE19790	GPL6102	Humanv2	percent ids in probes	0.9999794669623424
GSE19790	GPL6102	Humanv2	percent probes in ids	0.9842363735575271
GSE19790	GPL6102	Humanv3	percent ids in probes	0.7669294895486838
GSE19790	GPL6102	Humanv3	percent probes in ids	0.7534089075359045
GSE19790	GPL6102	Humanv4	percent ids in probes	0.6001396246560716
GSE19790	GPL6102	Humanv4	percent probes in ids	0.6075623090194774
GSE20158	GPL6102	Humanv1	percent ids in probes	0
GSE20158	GPL6102	Humanv1	percent probes in ids	0
GSE20158	GPL6102	Humanv2	percent ids in probes	1
GSE20158	GPL6102	Humanv2	percent probes in ids	0.9842363735575271
GSE20158	GPL6102	Humanv3	percent ids in probes	0.7669452372641219
GSE20158	GPL6102	Humanv3	percent probes in ids	0.7534089075359045
GSE20158	GPL6102	Humanv4	percent ids in probes	0.6001519475986119
GSE20158	GPL6102	Humanv4	percent probes in ids	0.6075623090194774
GSE24755	GPL6102	Humanv1	percent ids in probes	0
GSE24755	GPL6102	Humanv1	percent probes in ids	0
GSE24755	GPL6102	Humanv2	percent ids in probes	0.9999178492945309
GSE24755	GPL6102	Humanv2	percent probes in ids	0.9839534366726622
GSE24755	GPL6102	Humanv3	percent ids in probes	0.7669384485839272
GSE24755	GPL6102	Humanv3	percent probes in ids	0.753247539131838
GSE24755	GPL6102	Humanv4	percent ids in probes	0.6001109034523834
GSE24755	GPL6102	Humanv4	percent probes in ids	0.6073960130542333
GSE24757	GPL6102	Humanv1	percent ids in probes	0
GSE24757	GPL6102	Humanv1	percent probes in ids	0
GSE24757	GPL6102	Humanv2	percent ids in probes	0.9999178492945309
GSE24757	GPL6102	Humanv2	percent probes in ids	0.9839534366726622
GSE24757	GPL6102	Humanv3	percent ids in probes	0.7669384485839272
GSE24757	GPL6102	Humanv3	percent probes in ids	0.753247539131838
GSE24757	GPL6102	Humanv4	percent ids in probes	0.6001109034523834
GSE24757	GPL6102	Humanv4	percent probes in ids	0.6073960130542333
GSE25906	GPL6102	Humanv1	percent ids in probes	0
GSE25906	GPL6102	Humanv1	percent probes in ids	0
GSE25906	GPL6102	Humanv2	percent ids in probes	1
GSE25906	GPL6102	Humanv2	percent probes in ids	0.9842363735575271
GSE25906	GPL6102	Humanv3	percent ids in probes	0.7669452372641219
GSE25906	GPL6102	Humanv3	percent probes in ids	0.7534089075359045
GSE25906	GPL6102	Humanv4	percent ids in probes	0.6001519475986119
GSE25906	GPL6102	Humanv4	percent probes in ids	0.6075623090194774
GSE25913	GPL6102	Humanv1	percent ids in probes	0
GSE25913	GPL6102	Humanv1	percent probes in ids	0
GSE25913	GPL6102	Humanv2	percent ids in probes	1
GSE25913	GPL6102	Humanv2	percent probes in ids	0.9839534366726622
GSE25913	GPL6102	Humanv3	percent ids in probes	0.767001458294822
GSE25913	GPL6102	Humanv3	percent probes in ids	0.753247539131838
GSE25913	GPL6102	Humanv4	percent ids in probes	0.600160207036786
GSE25913	GPL6102	Humanv4	percent probes in ids	0.6073960130542333
GSE27480	GPL6102	Humanv1	percent ids in probes	0
GSE27480	GPL6102	Humanv1	percent probes in ids	0
GSE27480	GPL6102	Humanv2	percent ids in probes	1
GSE27480	GPL6102	Humanv2	percent probes in ids	0.9842363735575271
GSE27480	GPL6102	Humanv3	percent ids in probes	0.7669452372641219
GSE27480	GPL6102	Humanv3	percent probes in ids	0.7534089075359045
GSE27480	GPL6102	Humanv4	percent ids in probes	0.6001519475986119
GSE27480	GPL6102	Humanv4	percent probes in ids	0.6075623090194774
GSE27682	GPL6102	Humanv1	percent ids in probes	0
GSE27682	GPL6102	Humanv1	percent probes in ids	0
GSE27682	GPL6102	Humanv2	percent ids in probes	0.9999357725491875
GSE27682	GPL6102	Humanv2	percent probes in ids	0.9439178674642792
GSE27682	GPL6102	Humanv3	percent ids in probes	0.763600162709542
GSE27682	GPL6102	Humanv3	percent probes in ids	0.7194408584799097
GSE27682	GPL6102	Humanv4	percent ids in probes	0.5896936350596245
GSE27682	GPL6102	Humanv4	percent probes in ids	0.5725570083355852
GSE30185	GPL6102	Humanv1	percent ids in probes	0
GSE30185	GPL6102	Humanv1	percent probes in ids	0
GSE30185	GPL6102	Humanv2	percent ids in probes	1
GSE30185	GPL6102	Humanv2	percent probes in ids	0.9842363735575271
GSE30185	GPL6102	Humanv3	percent ids in probes	0.7669452372641219
GSE30185	GPL6102	Humanv3	percent probes in ids	0.7534089075359045
GSE30185	GPL6102	Humanv4	percent ids in probes	0.6001519475986119
GSE30185	GPL6102	Humanv4	percent probes in ids	0.6075623090194774
GSE30208	GPL6102	Humanv1	percent ids in probes	0
GSE30208	GPL6102	Humanv1	percent probes in ids	0
GSE30208	GPL6102	Humanv2	percent ids in probes	1
GSE30208	GPL6102	Humanv2	percent probes in ids	0.9440593359067116
GSE30208	GPL6102	Humanv3	percent ids in probes	0.7634705542354376
GSE30208	GPL6102	Humanv3	percent probes in ids	0.7193803453283847
GSE30208	GPL6102	Humanv4	percent ids in probes	0.5895789180741977
GSE30208	GPL6102	Humanv4	percent probes in ids	0.5724946473486187
GSE32628	GPL6102	Humanv1	percent ids in probes	0
GSE32628	GPL6102	Humanv1	percent probes in ids	0
GSE32628	GPL6102	Humanv2	percent ids in probes	1
GSE32628	GPL6102	Humanv2	percent probes in ids	0.9842363735575271
GSE32628	GPL6102	Humanv3	percent ids in probes	0.7669452372641219
GSE32628	GPL6102	Humanv3	percent probes in ids	0.7534089075359045
GSE32628	GPL6102	Humanv4	percent ids in probes	0.6001519475986119
GSE32628	GPL6102	Humanv4	percent probes in ids	0.6075623090194774
GSE35102	GPL6102	Humanv1	percent ids in probes	0
GSE35102	GPL6102	Humanv1	percent probes in ids	0
GSE35102	GPL6102	Humanv2	percent ids in probes	1
GSE35102	GPL6102	Humanv2	percent probes in ids	0.7548351892645662
GSE35102	GPL6102	Humanv3	percent ids in probes	1
GSE35102	GPL6102	Humanv3	percent probes in ids	0.7533887364853962
GSE35102	GPL6102	Humanv4	percent ids in probes	0.782516733601071
GSE35102	GPL6102	Humanv4	percent probes in ids	0.607541522023822
GSE45331	GPL6102	Humanv1	percent ids in probes	0
GSE45331	GPL6102	Humanv1	percent probes in ids	0
GSE45331	GPL6102	Humanv2	percent ids in probes	0
GSE45331	GPL6102	Humanv2	percent probes in ids	0
GSE45331	GPL6102	Humanv3	percent ids in probes	0
GSE45331	GPL6102	Humanv3	percent probes in ids	0
GSE45331	GPL6102	Humanv4	percent ids in probes	0
GSE45331	GPL6102	Humanv4	percent probes in ids	0
GSE47063	GPL6102	Humanv1	percent ids in probes	0
GSE47063	GPL6102	Humanv1	percent probes in ids	0
GSE47063	GPL6102	Humanv2	percent ids in probes	1
GSE47063	GPL6102	Humanv2	percent probes in ids	0.9867625957438209
GSE47063	GPL6102	Humanv3	percent ids in probes	0.7674189980747962
GSE47063	GPL6102	Humanv3	percent probes in ids	0.7558092625463935
GSE47063	GPL6102	Humanv4	percent ids in probes	0.6011551222709213
GSE47063	GPL6102	Humanv4	percent probes in ids	0.6101398964807616
GSE60102	GPL6102	Humanv1	percent ids in probes	0
GSE60102	GPL6102	Humanv1	percent probes in ids	0
GSE60102	GPL6102	Humanv2	percent ids in probes	0.9999794665407281
GSE60102	GPL6102	Humanv2	percent probes in ids	0.9842161637800367
GSE60102	GPL6102	Humanv3	percent ids in probes	0.7669657707233938
GSE60102	GPL6102	Humanv3	percent probes in ids	0.7534290785864127
GSE60102	GPL6102	Humanv4	percent ids in probes	0.6001724810578838
GSE60102	GPL6102	Humanv4	percent probes in ids	0.6075830960151329
GSE22247	GPL6947	Humanv1	percent ids in probes	0
GSE22247	GPL6947	Humanv1	percent probes in ids	0
GSE22247	GPL6947	Humanv2	percent ids in probes	0.7652795705534042
GSE22247	GPL6947	Humanv2	percent probes in ids	0.7548553990420566
GSE22247	GPL6947	Humanv3	percent ids in probes	0.999918044542791
GSE22247	GPL6947	Humanv3	percent probes in ids	0.984407777957076
GSE22247	GPL6947	Humanv4	percent ids in probes	0.8077939639805766
GSE22247	GPL6947	Humanv4	percent probes in ids	0.819548090714449
GSE22941	GPL6947	Humanv1	percent ids in probes	0
GSE22941	GPL6947	Humanv1	percent probes in ids	0
GSE22941	GPL6947	Humanv2	percent ids in probes	0.7653544275262824
GSE22941	GPL6947	Humanv2	percent probes in ids	0.7547745599320952
GSE22941	GPL6947	Humanv3	percent ids in probes	1
GSE22941	GPL6947	Humanv3	percent probes in ids	0.9842867516540261
GSE22941	GPL6947	Humanv4	percent ids in probes	0.8078365473287292
GSE22941	GPL6947	Humanv4	percent probes in ids	0.8194233687405159
GSE23706	GPL6947	Humanv1	percent ids in probes	0
GSE23706	GPL6947	Humanv1	percent probes in ids	0
GSE23706	GPL6947	Humanv2	percent ids in probes	0.7652795705534042
GSE23706	GPL6947	Humanv2	percent probes in ids	0.7548553990420566
GSE23706	GPL6947	Humanv3	percent ids in probes	0.999918044542791
GSE23706	GPL6947	Humanv3	percent probes in ids	0.984407777957076
GSE23706	GPL6947	Humanv4	percent ids in probes	0.8077939639805766
GSE23706	GPL6947	Humanv4	percent probes in ids	0.819548090714449
GSE24965	GPL6947	Humanv1	percent ids in probes	0
GSE24965	GPL6947	Humanv1	percent probes in ids	0
GSE24965	GPL6947	Humanv2	percent ids in probes	0.7653483606557377
GSE24965	GPL6947	Humanv2	percent probes in ids	0.7548149794870759
GSE24965	GPL6947	Humanv3	percent ids in probes	1
GSE24965	GPL6947	Humanv3	percent probes in ids	0.9843472648055511
GSE24965	GPL6947	Humanv4	percent ids in probes	0.8078688524590164
GSE24965	GPL6947	Humanv4	percent probes in ids	0.819506516723138
GSE25580	GPL6947	Humanv1	percent ids in probes	0
GSE25580	GPL6947	Humanv1	percent probes in ids	0
GSE25580	GPL6947	Humanv2	percent ids in probes	0.7653422945310739
GSE25580	GPL6947	Humanv2	percent probes in ids	0.7548553990420566
GSE25580	GPL6947	Humanv3	percent ids in probes	1
GSE25580	GPL6947	Humanv3	percent probes in ids	0.984407777957076
GSE25580	GPL6947	Humanv4	percent ids in probes	0.8078601725303772
GSE25580	GPL6947	Humanv4	percent probes in ids	0.819548090714449
GSE25580.1	GPL6947	Humanv1	percent ids in probes	0
GSE25580.1	GPL6947	Humanv1	percent probes in ids	0
GSE25580.1	GPL6947	Humanv2	percent ids in probes	1
GSE25580.1	GPL6947	Humanv2	percent probes in ids	0.44833370384592064
GSE25580.1	GPL6947	Humanv3	percent ids in probes	0.8440317345834836
GSE25580.1	GPL6947	Humanv3	percent probes in ids	0.3776827497176053
GSE25580.1	GPL6947	Humanv4	percent ids in probes	0.8440317345834836
GSE25580.1	GPL6947	Humanv4	percent probes in ids	0.3892157066539173
GSE26990	GPL6947	Humanv1	percent ids in probes	0
GSE26990	GPL6947	Humanv1	percent probes in ids	0
GSE26990	GPL6947	Humanv2	percent ids in probes	0.7653422945310739
GSE26990	GPL6947	Humanv2	percent probes in ids	0.7548553990420566
GSE26990	GPL6947	Humanv3	percent ids in probes	1
GSE26990	GPL6947	Humanv3	percent probes in ids	0.984407777957076
GSE26990	GPL6947	Humanv4	percent ids in probes	0.8078601725303772
GSE26990	GPL6947	Humanv4	percent probes in ids	0.819548090714449
GSE28616	GPL6947	Humanv1	percent ids in probes	0
GSE28616	GPL6947	Humanv1	percent probes in ids	0
GSE28616	GPL6947	Humanv2	percent ids in probes	0.7652965042416294
GSE28616	GPL6947	Humanv2	percent probes in ids	0.7547947697095855
GSE28616	GPL6947	Humanv3	percent ids in probes	0.9999180361460596
GSE28616	GPL6947	Humanv3	percent probes in ids	0.9843069227045345
GSE28616	GPL6947	Humanv4	percent ids in probes	0.8077742715462481
GSE28616	GPL6947	Humanv4	percent probes in ids	0.8194441557361715
GSE28785	GPL6947	Humanv1	percent ids in probes	0
GSE28785	GPL6947	Humanv1	percent probes in ids	0
GSE28785	GPL6947	Humanv2	percent ids in probes	0.7653422945310739
GSE28785	GPL6947	Humanv2	percent probes in ids	0.7548553990420566
GSE28785	GPL6947	Humanv3	percent ids in probes	1
GSE28785	GPL6947	Humanv3	percent probes in ids	0.984407777957076
GSE28785	GPL6947	Humanv4	percent ids in probes	0.8078601725303772
GSE28785	GPL6947	Humanv4	percent probes in ids	0.819548090714449
GSE29312	GPL6947	Humanv1	percent ids in probes	0
GSE29312	GPL6947	Humanv1	percent probes in ids	0
GSE29312	GPL6947	Humanv2	percent ids in probes	0.7653266125727399
GSE29312	GPL6947	Humanv2	percent probes in ids	0.7548553990420566
GSE29312	GPL6947	Humanv3	percent ids in probes	0.9999795098762396
GSE29312	GPL6947	Humanv3	percent probes in ids	0.984407777957076
GSE29312	GPL6947	Humanv4	percent ids in probes	0.807843619375461
GSE29312	GPL6947	Humanv4	percent probes in ids	0.819548090714449
GSE30697	GPL6947	Humanv1	percent ids in probes	0
GSE30697	GPL6947	Humanv1	percent probes in ids	0
GSE30697	GPL6947	Humanv2	percent ids in probes	0.7652795705534042
GSE30697	GPL6947	Humanv2	percent probes in ids	0.7548553990420566
GSE30697	GPL6947	Humanv3	percent ids in probes	0.999918044542791
GSE30697	GPL6947	Humanv3	percent probes in ids	0.984407777957076
GSE30697	GPL6947	Humanv4	percent ids in probes	0.8077939639805766
GSE30697	GPL6947	Humanv4	percent probes in ids	0.819548090714449
GSE32274	GPL6947	Humanv1	percent ids in probes	0
GSE32274	GPL6947	Humanv1	percent probes in ids	0
GSE32274	GPL6947	Humanv2	percent ids in probes	0.7653422945310739
GSE32274	GPL6947	Humanv2	percent probes in ids	0.7548553990420566
GSE32274	GPL6947	Humanv3	percent ids in probes	1
GSE32274	GPL6947	Humanv3	percent probes in ids	0.984407777957076
GSE32274	GPL6947	Humanv4	percent ids in probes	0.8078601725303772
GSE32274	GPL6947	Humanv4	percent probes in ids	0.819548090714449
GSE32512	GPL6947	Humanv1	percent ids in probes	0
GSE32512	GPL6947	Humanv1	percent probes in ids	0
GSE32512	GPL6947	Humanv2	percent ids in probes	0.7532417770786698
GSE32512	GPL6947	Humanv2	percent probes in ids	0.7548553990420566
GSE32512	GPL6947	Humanv3	percent ids in probes	0.9841894044810132
GSE32512	GPL6947	Humanv3	percent probes in ids	0.984407777957076
GSE32512	GPL6947	Humanv4	percent ids in probes	0.7950874221066005
GSE32512	GPL6947	Humanv4	percent probes in ids	0.819548090714449
GSE34074	GPL6947	Humanv1	percent ids in probes	0
GSE34074	GPL6947	Humanv1	percent probes in ids	0
GSE34074	GPL6947	Humanv2	percent ids in probes	0.7653617544578807
GSE34074	GPL6947	Humanv2	percent probes in ids	0.7546735110446434
GSE34074	GPL6947	Humanv3	percent ids in probes	0.9999590079934413
GSE34074	GPL6947	Humanv3	percent probes in ids	0.9841052121994514
GSE34074	GPL6947	Humanv4	percent ids in probes	0.8077679852428776
GSE34074	GPL6947	Humanv4	percent probes in ids	0.8192362857796163
GSE34074.1	GPL6947	Humanv1	percent ids in probes	0
GSE34074.1	GPL6947	Humanv1	percent probes in ids	0
GSE34074.1	GPL6947	Humanv2	percent ids in probes	0.7653653038221129
GSE34074.1	GPL6947	Humanv2	percent probes in ids	0.7547543501546048
GSE34074.1	GPL6947	Humanv3	percent ids in probes	0.9999590121938723
GSE34074.1	GPL6947	Humanv3	percent probes in ids	0.9842060674519929
GSE34074.1	GPL6947	Humanv4	percent ids in probes	0.8077876831642586
GSE34074.1	GPL6947	Humanv4	percent probes in ids	0.8193402207578938
GSE34074.2	GPL6947	Humanv1	percent ids in probes	0
GSE34074.2	GPL6947	Humanv1	percent probes in ids	0
GSE34074.2	GPL6947	Humanv2	percent ids in probes	0.6176737894447615
GSE34074.2	GPL6947	Humanv2	percent probes in ids	0.5906105373779834
GSE34074.2	GPL6947	Humanv3	percent ids in probes	0.8331325428529157
GSE34074.2	GPL6947	Humanv3	percent probes in ids	0.7951024689365822
GSE34074.2	GPL6947	Humanv4	percent ids in probes	0.999957728319912
GSE34074.2	GPL6947	Humanv4	percent probes in ids	0.9834535514582078
GSE34074.3	GPL6947	Humanv1	percent ids in probes	0
GSE34074.3	GPL6947	Humanv1	percent probes in ids	0
GSE34074.3	GPL6947	Humanv2	percent ids in probes	0.6176737894447615
GSE34074.3	GPL6947	Humanv2	percent probes in ids	0.5906105373779834
GSE34074.3	GPL6947	Humanv3	percent ids in probes	0.8331325428529157
GSE34074.3	GPL6947	Humanv3	percent probes in ids	0.7951024689365822
GSE34074.3	GPL6947	Humanv4	percent ids in probes	0.999957728319912
GSE34074.3	GPL6947	Humanv4	percent probes in ids	0.9834535514582078
GSE34074.4	GPL6947	Humanv1	percent ids in probes	0
GSE34074.4	GPL6947	Humanv1	percent probes in ids	0
GSE34074.4	GPL6947	Humanv2	percent ids in probes	0.6176737894447615
GSE34074.4	GPL6947	Humanv2	percent probes in ids	0.5906105373779834
GSE34074.4	GPL6947	Humanv3	percent ids in probes	0.8331325428529157
GSE34074.4	GPL6947	Humanv3	percent probes in ids	0.7951024689365822
GSE34074.4	GPL6947	Humanv4	percent ids in probes	0.999957728319912
GSE34074.4	GPL6947	Humanv4	percent probes in ids	0.9834535514582078
GSE37939	GPL6947	Humanv1	percent ids in probes	0
GSE37939	GPL6947	Humanv1	percent probes in ids	0
GSE37939	GPL6947	Humanv2	percent ids in probes	0.7653422945310739
GSE37939	GPL6947	Humanv2	percent probes in ids	0.7548553990420566
GSE37939	GPL6947	Humanv3	percent ids in probes	1
GSE37939	GPL6947	Humanv3	percent probes in ids	0.984407777957076
GSE37939	GPL6947	Humanv4	percent ids in probes	0.8078601725303772
GSE37939	GPL6947	Humanv4	percent probes in ids	0.819548090714449
GSE38310	GPL6947	Humanv1	percent ids in probes	0
GSE38310	GPL6947	Humanv1	percent probes in ids	0
GSE38310	GPL6947	Humanv2	percent ids in probes	0.7653422945310739
GSE38310	GPL6947	Humanv2	percent probes in ids	0.7548553990420566
GSE38310	GPL6947	Humanv3	percent ids in probes	1
GSE38310	GPL6947	Humanv3	percent probes in ids	0.984407777957076
GSE38310	GPL6947	Humanv4	percent ids in probes	0.8078601725303772
GSE38310	GPL6947	Humanv4	percent probes in ids	0.819548090714449
GSE41577	GPL6947	Humanv1	percent ids in probes	0
GSE41577	GPL6947	Humanv1	percent probes in ids	0
GSE41577	GPL6947	Humanv2	percent ids in probes	0.7653579771320848
GSE41577	GPL6947	Humanv2	percent probes in ids	0.7548553990420566
GSE41577	GPL6947	Humanv3	percent ids in probes	1
GSE41577	GPL6947	Humanv3	percent probes in ids	0.9843876069065677
GSE41577	GPL6947	Humanv4	percent ids in probes	0.8078767263636736
GSE41577	GPL6947	Humanv4	percent probes in ids	0.819548090714449
GSE41924	GPL6947	Humanv1	percent ids in probes	0
GSE41924	GPL6947	Humanv1	percent probes in ids	0
GSE41924	GPL6947	Humanv2	percent ids in probes	0.7653422945310739
GSE41924	GPL6947	Humanv2	percent probes in ids	0.7548553990420566
GSE41924	GPL6947	Humanv3	percent ids in probes	1
GSE41924	GPL6947	Humanv3	percent probes in ids	0.984407777957076
GSE41924	GPL6947	Humanv4	percent ids in probes	0.8078601725303772
GSE41924	GPL6947	Humanv4	percent probes in ids	0.819548090714449
GSE42644	GPL6947	Humanv1	percent ids in probes	0
GSE42644	GPL6947	Humanv1	percent probes in ids	0
GSE42644	GPL6947	Humanv2	percent ids in probes	0.7653374861685996
GSE42644	GPL6947	Humanv2	percent probes in ids	0.7548351892645662
GSE42644	GPL6947	Humanv3	percent ids in probes	0.9999795090365149
GSE42644	GPL6947	Humanv3	percent probes in ids	0.9843674358560593
GSE42644	GPL6947	Humanv4	percent ids in probes	0.8078357444367034
GSE42644	GPL6947	Humanv4	percent probes in ids	0.819506516723138
GSE43449	GPL6947	Humanv1	percent ids in probes	0
GSE43449	GPL6947	Humanv1	percent probes in ids	0
GSE43449	GPL6947	Humanv2	percent ids in probes	0.7653422945310739
GSE43449	GPL6947	Humanv2	percent probes in ids	0.7548553990420566
GSE43449	GPL6947	Humanv3	percent ids in probes	1
GSE43449	GPL6947	Humanv3	percent probes in ids	0.984407777957076
GSE43449	GPL6947	Humanv4	percent ids in probes	0.8078601725303772
GSE43449	GPL6947	Humanv4	percent probes in ids	0.819548090714449
GSE46743	GPL6947	Humanv1	percent ids in probes	0
GSE46743	GPL6947	Humanv1	percent probes in ids	0
GSE46743	GPL6947	Humanv2	percent ids in probes	0.7654688365793092
GSE46743	GPL6947	Humanv2	percent probes in ids	0.7538044906125584
GSE46743	GPL6947	Humanv3	percent ids in probes	1
GSE46743	GPL6947	Humanv3	percent probes in ids	0.9828747781184444
GSE46743	GPL6947	Humanv4	percent ids in probes	0.8078067601124633
GSE46743	GPL6947	Humanv4	percent probes in ids	0.8182177229924958
GSE49003	GPL6947	Humanv1	percent ids in probes	0
GSE49003	GPL6947	Humanv1	percent probes in ids	0
GSE49003	GPL6947	Humanv2	percent ids in probes	0.7653422945310739
GSE49003	GPL6947	Humanv2	percent probes in ids	0.7548553990420566
GSE49003	GPL6947	Humanv3	percent ids in probes	1
GSE49003	GPL6947	Humanv3	percent probes in ids	0.984407777957076
GSE49003	GPL6947	Humanv4	percent ids in probes	0.8078601725303772
GSE49003	GPL6947	Humanv4	percent probes in ids	0.819548090714449
GSE52182	GPL6947	Humanv1	percent ids in probes	0
GSE52182	GPL6947	Humanv1	percent probes in ids	0
GSE52182	GPL6947	Humanv2	percent ids in probes	0.7653339344631842
GSE52182	GPL6947	Humanv2	percent probes in ids	0.7547543501546048
GSE52182	GPL6947	Humanv3	percent ids in probes	1
GSE52182	GPL6947	Humanv3	percent probes in ids	0.9842867516540261
GSE52182	GPL6947	Humanv4	percent ids in probes	0.8078365473287292
GSE52182	GPL6947	Humanv4	percent probes in ids	0.8194233687405159
GSE61376	GPL6947	Humanv1	percent ids in probes	0
GSE61376	GPL6947	Humanv1	percent probes in ids	0
GSE61376	GPL6947	Humanv2	percent ids in probes	0.7653422945310739
GSE61376	GPL6947	Humanv2	percent probes in ids	0.7548553990420566
GSE61376	GPL6947	Humanv3	percent ids in probes	1
GSE61376	GPL6947	Humanv3	percent probes in ids	0.984407777957076
GSE61376	GPL6947	Humanv4	percent ids in probes	0.8078601725303772
GSE61376	GPL6947	Humanv4	percent probes in ids	0.819548090714449
GSE61413	GPL6947	Humanv1	percent ids in probes	0
GSE61413	GPL6947	Humanv1	percent probes in ids	0
GSE61413	GPL6947	Humanv2	percent ids in probes	0.7652795705534042
GSE61413	GPL6947	Humanv2	percent probes in ids	0.7548553990420566
GSE61413	GPL6947	Humanv3	percent ids in probes	0.999918044542791
GSE61413	GPL6947	Humanv3	percent probes in ids	0.984407777957076
GSE61413	GPL6947	Humanv4	percent ids in probes	0.8077939639805766
GSE61413	GPL6947	Humanv4	percent probes in ids	0.819548090714449
GSE68883	GPL6947	Humanv1	percent ids in probes	0
GSE68883	GPL6947	Humanv1	percent probes in ids	0
GSE68883	GPL6947	Humanv2	percent ids in probes	0.7686178796191706
GSE68883	GPL6947	Humanv2	percent probes in ids	0.7700935712697803
GSE68883	GPL6947	Humanv3	percent ids in probes	1
GSE68883	GPL6947	Humanv3	percent probes in ids	1
GSE68883	GPL6947	Humanv4	percent ids in probes	0.8107350330805229
GSE68883	GPL6947	Humanv4	percent probes in ids	0.8354917163822313
GSE76873	GPL6947	Humanv1	percent ids in probes	0
GSE76873	GPL6947	Humanv1	percent probes in ids	0
GSE76873	GPL6947	Humanv2	percent ids in probes	0.7653422945310739
GSE76873	GPL6947	Humanv2	percent probes in ids	0.7548553990420566
GSE76873	GPL6947	Humanv3	percent ids in probes	1
GSE76873	GPL6947	Humanv3	percent probes in ids	0.984407777957076
GSE76873	GPL6947	Humanv4	percent ids in probes	0.8078601725303772
GSE76873	GPL6947	Humanv4	percent probes in ids	0.819548090714449
GSE89377	GPL6947	Humanv1	percent ids in probes	0
GSE89377	GPL6947	Humanv1	percent probes in ids	0
GSE89377	GPL6947	Humanv2	percent ids in probes	0.7653422945310739
GSE89377	GPL6947	Humanv2	percent probes in ids	0.7548553990420566
GSE89377	GPL6947	Humanv3	percent ids in probes	1
GSE89377	GPL6947	Humanv3	percent probes in ids	0.984407777957076
GSE89377	GPL6947	Humanv4	percent ids in probes	0.8078601725303772
GSE89377	GPL6947	Humanv4	percent probes in ids	0.819548090714449
GSE104849	GPL10558	Humanv1	percent ids in probes	0
GSE104849	GPL10558	Humanv1	percent probes in ids	0
GSE104849	GPL10558	Humanv2	percent ids in probes	0.6233709546673318
GSE104849	GPL10558	Humanv2	percent probes in ids	0.6061114367130818
GSE104849	GPL10558	Humanv3	percent ids in probes	0.8354222527072811
GSE104849	GPL10558	Humanv3	percent probes in ids	0.8107350330805229
GSE104849	GPL10558	Humanv4	percent ids in probes	0.9999168589303902
GSE104849	GPL10558	Humanv4	percent probes in ids	1
GSE104849.1	GPL10558	Humanv1	percent ids in probes	0
GSE104849.1	GPL10558	Humanv1	percent probes in ids	0
GSE104849.1	GPL10558	Humanv2	percent ids in probes	0.6233709546673318
GSE104849.1	GPL10558	Humanv2	percent probes in ids	0.6061114367130818
GSE104849.1	GPL10558	Humanv3	percent ids in probes	0.8354222527072811
GSE104849.1	GPL10558	Humanv3	percent probes in ids	0.8107350330805229
GSE104849.1	GPL10558	Humanv4	percent ids in probes	0.9999168589303902
GSE104849.1	GPL10558	Humanv4	percent probes in ids	1
GSE109824	GPL10558	Humanv1	percent ids in probes	0
GSE109824	GPL10558	Humanv1	percent probes in ids	0
GSE109824	GPL10558	Humanv2	percent ids in probes	0.6234227867046376
GSE109824	GPL10558	Humanv2	percent probes in ids	0.6061114367130818
GSE109824	GPL10558	Humanv3	percent ids in probes	0.8354917163822313
GSE109824	GPL10558	Humanv3	percent probes in ids	0.8107350330805229
GSE109824	GPL10558	Humanv4	percent ids in probes	1
GSE109824	GPL10558	Humanv4	percent probes in ids	1
GSE38406	GPL10558	Humanv1	percent ids in probes	0
GSE38406	GPL10558	Humanv1	percent probes in ids	0
GSE38406	GPL10558	Humanv2	percent ids in probes	0.618830852617984
GSE38406	GPL10558	Humanv2	percent probes in ids	0.5906913764879449
GSE38406	GPL10558	Humanv3	percent ids in probes	0.8347483644216722
GSE38406	GPL10558	Humanv3	percent probes in ids	0.7952638373406486
GSE38406	GPL10558	Humanv4	percent ids in probes	1
GSE38406	GPL10558	Humanv4	percent probes in ids	0.9817905918057663
GSE39417	GPL10558	Humanv1	percent ids in probes	0
GSE39417	GPL10558	Humanv1	percent probes in ids	0
GSE39417	GPL10558	Humanv2	percent ids in probes	0
GSE39417	GPL10558	Humanv2	percent probes in ids	0
GSE39417	GPL10558	Humanv3	percent ids in probes	0
GSE39417	GPL10558	Humanv3	percent probes in ids	0
GSE39417	GPL10558	Humanv4	percent ids in probes	0
GSE39417	GPL10558	Humanv4	percent probes in ids	0
GSE40396	GPL10558	Humanv1	percent ids in probes	0
GSE40396	GPL10558	Humanv1	percent probes in ids	0
GSE40396	GPL10558	Humanv2	percent ids in probes	0.6177167019027484
GSE40396	GPL10558	Humanv2	percent probes in ids	0.5904892787130414
GSE40396	GPL10558	Humanv3	percent ids in probes	0.8332346723044397
GSE40396	GPL10558	Humanv3	percent probes in ids	0.7949814426335323
GSE40396	GPL10558	Humanv4	percent ids in probes	1
GSE40396	GPL10558	Humanv4	percent probes in ids	0.983224894505997
GSE40411	GPL10558	Humanv1	percent ids in probes	0
GSE40411	GPL10558	Humanv1	percent probes in ids	0
GSE40411	GPL10558	Humanv2	percent ids in probes	0.6187915484608545
GSE40411	GPL10558	Humanv2	percent probes in ids	0.5906913764879449
GSE40411	GPL10558	Humanv3	percent ids in probes	0.8346953465723843
GSE40411	GPL10558	Humanv3	percent probes in ids	0.7952638373406486
GSE40411	GPL10558	Humanv4	percent ids in probes	0.9999153152390228
GSE40411	GPL10558	Humanv4	percent probes in ids	0.9817698048101108
GSE41563	GPL10558	Humanv1	percent ids in probes	0
GSE41563	GPL10558	Humanv1	percent probes in ids	0
GSE41563	GPL10558	Humanv2	percent ids in probes	0.6177167019027484
GSE41563	GPL10558	Humanv2	percent probes in ids	0.5904892787130414
GSE41563	GPL10558	Humanv3	percent ids in probes	0.8332346723044397
GSE41563	GPL10558	Humanv3	percent probes in ids	0.7949814426335323
GSE41563	GPL10558	Humanv4	percent ids in probes	1
GSE41563	GPL10558	Humanv4	percent probes in ids	0.983224894505997
GSE41962	GPL10558	Humanv1	percent ids in probes	0
GSE41962	GPL10558	Humanv1	percent probes in ids	0
GSE41962	GPL10558	Humanv2	percent ids in probes	0.6176277919827567
GSE41962	GPL10558	Humanv2	percent probes in ids	0.5906913764879449
GSE41962	GPL10558	Humanv3	percent ids in probes	0.8331255414914523
GSE41962	GPL10558	Humanv3	percent probes in ids	0.7952638373406486
GSE41962	GPL10558	Humanv4	percent ids in probes	1
GSE41962	GPL10558	Humanv4	percent probes in ids	0.983702995406074
GSE44407	GPL10558	Humanv1	percent ids in probes	0
GSE44407	GPL10558	Humanv1	percent probes in ids	0
GSE44407	GPL10558	Humanv2	percent ids in probes	0.6176277919827567
GSE44407	GPL10558	Humanv2	percent probes in ids	0.5906913764879449
GSE44407	GPL10558	Humanv3	percent ids in probes	0.8331255414914523
GSE44407	GPL10558	Humanv3	percent probes in ids	0.7952638373406486
GSE44407	GPL10558	Humanv4	percent ids in probes	1
GSE44407	GPL10558	Humanv4	percent probes in ids	0.983702995406074
GSE44794	GPL10558	Humanv1	percent ids in probes	0
GSE44794	GPL10558	Humanv1	percent probes in ids	0
GSE44794	GPL10558	Humanv2	percent ids in probes	0.6176327634665371
GSE44794	GPL10558	Humanv2	percent probes in ids	0.5906711667104545
GSE44794	GPL10558	Humanv3	percent ids in probes	0.8331396208871326
GSE44794	GPL10558	Humanv3	percent probes in ids	0.7952436662901404
GSE44794	GPL10558	Humanv4	percent ids in probes	1
GSE44794	GPL10558	Humanv4	percent probes in ids	0.9836614214147629
GSE48672	GPL10558	Humanv1	percent ids in probes	0
GSE48672	GPL10558	Humanv1	percent probes in ids	0
GSE48672	GPL10558	Humanv2	percent ids in probes	0.6176147409348323
GSE48672	GPL10558	Humanv2	percent probes in ids	0.5906913764879449
GSE48672	GPL10558	Humanv3	percent ids in probes	0.8331079367762657
GSE48672	GPL10558	Humanv3	percent probes in ids	0.7952638373406486
GSE48672	GPL10558	Humanv4	percent ids in probes	0.9999788690727749
GSE48672	GPL10558	Humanv4	percent probes in ids	0.983702995406074
GSE49153	GPL10558	Humanv1	percent ids in probes	0
GSE49153	GPL10558	Humanv1	percent probes in ids	0
GSE49153	GPL10558	Humanv2	percent ids in probes	0.6233709546673318
GSE49153	GPL10558	Humanv2	percent probes in ids	0.6061114367130818
GSE49153	GPL10558	Humanv3	percent ids in probes	0.8354222527072811
GSE49153	GPL10558	Humanv3	percent probes in ids	0.8107350330805229
GSE49153	GPL10558	Humanv4	percent ids in probes	0.9999168589303902
GSE49153	GPL10558	Humanv4	percent probes in ids	1
GSE49348	GPL10558	Humanv1	percent ids in probes	0
GSE49348	GPL10558	Humanv1	percent probes in ids	0
GSE49348	GPL10558	Humanv2	percent ids in probes	0.6176277919827567
GSE49348	GPL10558	Humanv2	percent probes in ids	0.5906913764879449
GSE49348	GPL10558	Humanv3	percent ids in probes	0.8331255414914523
GSE49348	GPL10558	Humanv3	percent probes in ids	0.7952638373406486
GSE49348	GPL10558	Humanv4	percent ids in probes	1
GSE49348	GPL10558	Humanv4	percent probes in ids	0.983702995406074
GSE50788	GPL10558	Humanv1	percent ids in probes	0
GSE50788	GPL10558	Humanv1	percent probes in ids	0
GSE50788	GPL10558	Humanv2	percent ids in probes	0.618830852617984
GSE50788	GPL10558	Humanv2	percent probes in ids	0.5906913764879449
GSE50788	GPL10558	Humanv3	percent ids in probes	0.8347483644216722
GSE50788	GPL10558	Humanv3	percent probes in ids	0.7952638373406486
GSE50788	GPL10558	Humanv4	percent ids in probes	1
GSE50788	GPL10558	Humanv4	percent probes in ids	0.9817905918057663
GSE51448	GPL10558	Humanv1	percent ids in probes	0
GSE51448	GPL10558	Humanv1	percent probes in ids	0
GSE51448	GPL10558	Humanv2	percent ids in probes	0.6176277919827567
GSE51448	GPL10558	Humanv2	percent probes in ids	0.5906913764879449
GSE51448	GPL10558	Humanv3	percent ids in probes	0.8331255414914523
GSE51448	GPL10558	Humanv3	percent probes in ids	0.7952638373406486
GSE51448	GPL10558	Humanv4	percent ids in probes	1
GSE51448	GPL10558	Humanv4	percent probes in ids	0.983702995406074
GSE54606	GPL10558	Humanv1	percent ids in probes	0
GSE54606	GPL10558	Humanv1	percent probes in ids	0
GSE54606	GPL10558	Humanv2	percent ids in probes	0.6177521297059632
GSE54606	GPL10558	Humanv2	percent probes in ids	0.5906105373779834
GSE54606	GPL10558	Humanv3	percent ids in probes	0.8331536559071596
GSE54606	GPL10558	Humanv3	percent probes in ids	0.795021784734549
GSE54606	GPL10558	Humanv4	percent ids in probes	1
GSE54606	GPL10558	Humanv4	percent probes in ids	0.9833704034755857
GSE54661	GPL10558	Humanv1	percent ids in probes	0
GSE54661	GPL10558	Humanv1	percent probes in ids	0
GSE54661	GPL10558	Humanv2	percent ids in probes	0.7653531689924387
GSE54661	GPL10558	Humanv2	percent probes in ids	0.7548351892645662
GSE54661	GPL10558	Humanv3	percent ids in probes	1
GSE54661	GPL10558	Humanv3	percent probes in ids	0.9843674358560593
GSE54661	GPL10558	Humanv4	percent ids in probes	0.8078522981086453
GSE54661	GPL10558	Humanv4	percent probes in ids	0.819506516723138
GSE56164	GPL10558	Humanv1	percent ids in probes	0
GSE56164	GPL10558	Humanv1	percent probes in ids	0
GSE56164	GPL10558	Humanv2	percent ids in probes	0.6176277919827567
GSE56164	GPL10558	Humanv2	percent probes in ids	0.5906913764879449
GSE56164	GPL10558	Humanv3	percent ids in probes	0.8331255414914523
GSE56164	GPL10558	Humanv3	percent probes in ids	0.7952638373406486
GSE56164	GPL10558	Humanv4	percent ids in probes	1
GSE56164	GPL10558	Humanv4	percent probes in ids	0.983702995406074
GSE56937	GPL10558	Humanv1	percent ids in probes	0
GSE56937	GPL10558	Humanv1	percent probes in ids	0
GSE56937	GPL10558	Humanv2	percent ids in probes	0.617579908675799
GSE56937	GPL10558	Humanv2	percent probes in ids	0.59040843960308
GSE56937	GPL10558	Humanv3	percent ids in probes	0.8330585151361407
GSE56937	GPL10558	Humanv3	percent probes in ids	0.7948805873809908
GSE56937	GPL10558	Humanv4	percent ids in probes	0.9999154405547099
GSE56937	GPL10558	Humanv4	percent probes in ids	0.983224894505997
GSE57445	GPL10558	Humanv1	percent ids in probes	0
GSE57445	GPL10558	Humanv1	percent probes in ids	0
GSE57445	GPL10558	Humanv2	percent ids in probes	0.6175755911002176
GSE57445	GPL10558	Humanv2	percent probes in ids	0.5906913764879449
GSE57445	GPL10558	Humanv3	percent ids in probes	0.8330551270944704
GSE57445	GPL10558	Humanv3	percent probes in ids	0.7952638373406486
GSE57445	GPL10558	Humanv4	percent ids in probes	0.999915481648953
GSE57445	GPL10558	Humanv4	percent probes in ids	0.983702995406074
GSE62374	GPL10558	Humanv1	percent ids in probes	0
GSE62374	GPL10558	Humanv1	percent probes in ids	0
GSE62374	GPL10558	Humanv2	percent ids in probes	0.4460111090764817
GSE62374	GPL10558	Humanv2	percent probes in ids	0.5906913764879449
GSE62374	GPL10558	Humanv3	percent ids in probes	0.6016297381431972
GSE62374	GPL10558	Humanv3	percent probes in ids	0.7952638373406486
GSE62374	GPL10558	Humanv4	percent ids in probes	0.7221357504730513
GSE62374	GPL10558	Humanv4	percent probes in ids	0.983702995406074
GSE69495	GPL10558	Humanv1	percent ids in probes	0
GSE69495	GPL10558	Humanv1	percent probes in ids	0
GSE69495	GPL10558	Humanv2	percent ids in probes	0.6175755911002176
GSE69495	GPL10558	Humanv2	percent probes in ids	0.5906913764879449
GSE69495	GPL10558	Humanv3	percent ids in probes	0.8330551270944704
GSE69495	GPL10558	Humanv3	percent probes in ids	0.7952638373406486
GSE69495	GPL10558	Humanv4	percent ids in probes	0.999915481648953
GSE69495	GPL10558	Humanv4	percent probes in ids	0.983702995406074
GSE74460	GPL10558	Humanv1	percent ids in probes	0
GSE74460	GPL10558	Humanv1	percent probes in ids	0
GSE74460	GPL10558	Humanv2	percent ids in probes	0.6176277919827567
GSE74460	GPL10558	Humanv2	percent probes in ids	0.5906913764879449
GSE74460	GPL10558	Humanv3	percent ids in probes	0.8331255414914523
GSE74460	GPL10558	Humanv3	percent probes in ids	0.7952638373406486
GSE74460	GPL10558	Humanv4	percent ids in probes	1
GSE74460	GPL10558	Humanv4	percent probes in ids	0.983702995406074
GSE84638	GPL10558	Humanv1	percent ids in probes	0
GSE84638	GPL10558	Humanv1	percent probes in ids	0
GSE84638	GPL10558	Humanv2	percent ids in probes	0.6175221351140038
GSE84638	GPL10558	Humanv2	percent probes in ids	0.5905903276004931
GSE84638	GPL10558	Humanv3	percent ids in probes	0.8329564905014475
GSE84638	GPL10558	Humanv3	percent probes in ids	0.7951024689365822
GSE84638	GPL10558	Humanv4	percent ids in probes	0.9997464235149927
GSE84638	GPL10558	Humanv4	percent probes in ids	0.9834535514582078
GSE87494	GPL10558	Humanv1	percent ids in probes	0
GSE87494	GPL10558	Humanv1	percent probes in ids	0
GSE87494	GPL10558	Humanv2	percent ids in probes	0.6176277919827567
GSE87494	GPL10558	Humanv2	percent probes in ids	0.5906913764879449
GSE87494	GPL10558	Humanv3	percent ids in probes	0.8331255414914523
GSE87494	GPL10558	Humanv3	percent probes in ids	0.7952638373406486
GSE87494	GPL10558	Humanv4	percent ids in probes	1
GSE87494	GPL10558	Humanv4	percent probes in ids	0.983702995406074
GSE99929	GPL10558	Humanv1	percent ids in probes	0
GSE99929	GPL10558	Humanv1	percent probes in ids	0
GSE99929	GPL10558	Humanv2	percent ids in probes	0.6189084439926298
GSE99929	GPL10558	Humanv2	percent probes in ids	0.5905903276004931
GSE99929	GPL10558	Humanv3	percent ids in probes	0.8347840820043628
GSE99929	GPL10558	Humanv3	percent probes in ids	0.7950621268355655
GSE99929	GPL10558	Humanv4	percent ids in probes	1
GSE99929	GPL10558	Humanv4	percent probes in ids	0.981499573866589
